Symbol,EntryDate,EntryPrice,Quantity,Capital,ExitDate,ExitPrice,PnL,PnL%,DaysHeld,ExitReason,TrackType
NMDC,2026-03-23,75.0,133,9975.0,2026-06-03,96.12,2808.96,28.16,72.0,Price at BB Upper (₹95.68),Paper
PFC,2026-03-23,387.0,25,9675.0,2026-06-04,424.45,936.25,9.68,73,"Manual exit — missed BB Upper in Apr, exiting at current price",Paper
DRREDDY,2026-03-24,1253.3,7,8773.1,2026-06-04,1267.5,99.4,1.13,72,"Manual exit — missed BB Upper ~1350 in Apr, exiting at current price",Paper
TORNTPOWER,2026-03-24,1362.8,7,9539.6,2026-06-04,1440.0,540.4,5.66,72,"Manual exit — missed BB Upper ~1700 in Apr, exiting at current price",Paper
NTPC,2026-04-06,358.8,27,9687.6,2026-06-04,366.4,205.2,2.12,59,"Manual exit — missed BB Upper ~408 in Apr, exiting at current price",Paper
INTELLECT,2026-07-01,717.25,13,9324.25,2026-07-06,787.0,906.75,9.72,5,Price at BB Upper (779.27),Paper
PREMIERENE,2026-07-07,1022.9,9,9206.1,2026-07-10,1089.2,596.7,6.48,3,Price at BB Upper (1081.19),Paper
ASAHIINDIA,2026-06-30,838.8,11,9226.8,2026-07-13,914.9,837.1,9.07,13,Price at BB Upper (913.46),Paper
SHYAMMETL,2026-06-25,935.05,10,9350.5,2026-07-15,1035.95,1009.0,10.79,20,Price at BB Upper (1014.42),Paper
SBIN,2026-07-15,1015.4,9,9138.6,2026-07-21,1060.0,401.4,4.39,6,Price at BB Upper (1058.31),Paper
JSWSTEEL,2026-06-24,1242.2,8,9937.6,2026-07-22,1257.0,118.4,1.19,28,Price at BB Upper (1254.53),Paper
ELECON,2026-07-10,498.05,20,9961.0,2026-07-24,437.1,-1219.0,-12.24,14,Stop loss hit (448.25),Paper
SUZLON,2026-07-09,53.13,188,9988.44,2026-07-30,47.45,-1067.84,-10.69,21,Stop loss hit (47.82),Paper
INDGN,2026-07-08,494.15,20,9883.0,2026-07-31,523.6,589.0,5.96,23,Price at BB Upper (523.07),Paper
ZEEL,2026-07-09,99.56,100,9956.0,2026-07-31,112.21,1265.0,12.71,22,Price at BB Upper (111.77),Paper
REDINGTON,2026-07-27,259.05,38,9843.9,2026-07-31,310.95,1972.2,20.03,4,Price at BB Upper (297.68),Paper
KOTAKBANK,2026-07-07,381.3,26,9913.8,2026-08-05,398.0,434.2,4.38,29,Price at BB Upper (397.92),Paper
SCI,2026-07-09,277.6,36,9993.6,2026-08-05,300.9,838.8,8.39,27,Price at BB Upper (297.82),Paper
APARINDS,2026-07-09,13443.0,1,13443.0,2026-08-05,14746.0,1303.0,9.69,27,Price at BB Upper (14546.64),Paper
LT,2026-07-09,3892.1,2,7784.2,2026-08-06,4057.0,329.8,4.24,28,Price at BB Upper (4044.68),Paper
PIDILITIND,2026-07-16,1555.4,6,9332.4,2026-08-06,1665.0,657.6,7.05,21,Price at BB Upper (1658.15),Paper
TATATECH,2026-06-30,715.0,13,9295.0,2026-08-07,801.55,1125.15,12.1,38,Price at BB Upper (793.07),Paper
UNIONBANK,2026-07-06,163.09,61,9948.49,2026-08-07,182.5,1184.01,11.9,32,Price at BB Upper (179.26),Paper
TRITURBINE,2026-07-09,613.1,16,9809.6,2026-08-07,646.35,532.0,5.42,29,Price at BB Upper (638.01),Paper
TIMKEN,2026-07-09,3260.9,3,9782.7,2026-08-07,3343.1,246.6,2.52,29,Price at BB Upper (3300.64),Paper
SAMMAANCAP,2026-07-10,161.03,62,9983.86,2026-08-07,167.22,383.78,3.84,28,Price at BB Upper (167.17),Paper
ENRIN,2026-07-06,3281.5,3,9844.5,2026-08-10,3648.8,1101.9,11.19,35,Price at BB Upper (3563.18),Paper
MPHASIS,2026-06-30,2207.8,4,8831.2,2026-08-11,2508.0,1200.8,13.6,42,Price at BB Upper (2507.85),Paper
POWERINDIA,2026-07-06,31040.0,1,31040.0,2026-08-11,36050.0,5010.0,16.14,36,Price at BB Upper (34524.68),Paper
JSWENERGY,2026-07-06,550.2,18,9903.6,2026-08-11,578.0,500.4,5.05,36,Price at BB Upper (577.67),Paper
BDL,2026-07-15,1277.8,7,8944.6,2026-08-11,1310.0,225.4,2.52,27,Price at BB Upper (1302.13),Paper
SYRMA,2026-07-27,1288.3,7,9018.1,2026-08-11,1516.4,1596.7,17.71,15,Price at BB Upper (1485.08),Paper
KPIL,2026-07-15,1299.2,7,9094.4,2026-08-12,1347.7,339.5,3.73,28,Price at BB Upper (1344.48),Paper
MAHABANK,2026-07-08,83.19,120,9982.8,2026-08-13,81.87,-158.4,-1.59,36,Price at BB Upper (81.85),Paper
JSWDULUX,2026-07-09,3107.2,3,9321.6,2026-08-13,3157.0,149.4,1.6,35,Price at BB Upper (3122.41),Paper
GODREJCP,2026-08-12,1033.0,9,9297.0,2026-08-13,910.0,-1107.0,-11.91,1,Stop loss hit (929.7),Paper
ELGIEQUIP,2026-07-06,578.55,17,9835.35,2026-08-17,609.5,526.15,5.35,42,Price at BB Upper (602.74),Paper
VBL,2026-07-08,484.25,20,9685.0,2026-08-17,435.0,-985.0,-10.17,40,Stop loss hit (435.82),Paper
HBLENGINE,2026-07-09,757.05,13,9841.65,2026-08-17,678.5,-1021.15,-10.38,39,Stop loss hit (681.35),Paper
LGEINDIA,2026-07-23,1529.4,6,9176.4,2026-08-17,1729.7,1201.8,13.1,25,Price at BB Upper (1655.05),Paper
IDEA,2026-07-24,13.2,757,9992.4,2026-08-17,14.11,688.87,6.89,24,Price at BB Upper (13.85),Paper
OBEROIRLTY,2026-08-05,1778.8,5,8894.0,2026-08-18,1931.0,761.0,8.56,13,Price at BB Upper (1901.02),Paper
BSE,2026-07-08,3683.4,2,7366.8,2026-08-19,3308.0,-750.8,-10.19,42,Stop loss hit (3315.06),Paper
IFCI,2026-07-23,71.47,139,9934.33,2026-08-19,81.36,1374.71,13.84,27,Price at BB Upper (80.84),Paper
KPRMILL,2026-07-24,1064.8,9,9583.2,2026-08-19,1135.6,637.2,6.65,26,Price at BB Upper (1124.2),Paper
ZENTEC,2026-07-28,1688.2,5,8441.0,2026-08-19,1982.4,1471.0,17.43,22,Price at BB Upper (1940.33),Paper
WELSPUNLIV,2026-08-03,155.94,64,9980.16,2026-08-19,177.79,1398.4,14.01,16,Price at BB Upper (172.04),Paper
ICICIAMC,2026-07-09,3149.2,3,9447.6,2026-08-20,3260.9,335.1,3.55,42,Price at BB Upper (3200.85),Paper
TARIL,2026-07-22,316.85,31,9822.35,2026-08-21,285.15,-982.7,-10.0,30,Stop loss hit (285.17),Paper
NAM-INDIA,2026-07-24,1105.8,9,9952.2,2026-08-21,1232.5,1140.3,11.46,28,Price at BB Upper (1231.93),Paper
MOTILALOFS,2026-07-27,871.95,11,9591.45,2026-08-21,973.4,1115.95,11.63,25,Price at BB Upper (960.95),Paper
MEESHO,2026-07-28,182.1,54,9833.4,2026-08-21,209.51,1480.14,15.05,24,Price at BB Upper (203.09),Paper
AUBANK,2026-07-21,993.3,10,9933.0,2026-08-24,1108.2,1149.0,11.57,34,Price at BB Upper (1108.04),Paper
PIRAMALFIN,2026-07-27,2085.4,4,8341.6,2026-08-24,2180.8,381.6,4.57,28,Price at BB Upper (2159.34),Paper
JINDALSAW,2026-07-29,250.85,39,9783.15,2026-08-24,291.65,1591.2,16.26,26,Price at BB Upper (284.29),Paper
IDBI,2026-08-12,82.44,121,9975.24,2026-08-25,87.93,664.29,6.66,13,Price at BB Upper (86.68),Paper
AAVAS,2026-07-24,1444.0,6,8664.0,2026-08-27,1285.8,-949.2,-10.96,34,Stop loss hit (1299.6),Paper
CUB,2026-08-03,206.5,48,9912.0,2026-08-27,226.8,974.4,9.83,24,Price at BB Upper (226.79),Paper
LICHSGFIN,2026-07-09,530.6,18,9550.8,2026-08-28,535.5,88.2,0.92,50,Price at BB Upper (528.72),Paper
ABSLAMC,2026-07-23,1043.1,9,9387.9,2026-08-28,1046.5,30.6,0.33,36,Price at BB Upper (1043.02),Paper
TEJASNET,2026-07-08,546.95,18,9845.1,2026-08-31,550.15,57.6,0.59,54,Price at BB Upper (546.54),Paper
HFCL,2026-07-27,196.85,50,9842.5,2026-08-31,251.47,2731.0,27.75,35,Price at BB Upper (250.87),Paper
SHYAMMETL,2026-08-13,984.8,10,9848.0,2026-08-31,1099.8,1150.0,11.68,18,Price at BB Upper (1064.78),Paper
