Symbol,EntryDate,Price,BBLower,BBUpper,EMA9,EMA30,EMA200
OFSS,2026-09-23,10989.0,11062.89,12554.51,11473.77,11638.04,9709.82
FEDERALBNK,2026-09-28,322.0,322.62,357.89,331.7,340.41,303.35
ANANDRATHI,2026-09-28,2126.8,2150.13,2245.85,2177.76,2174.62,1842.68
ADANIPOWER,2026-09-29,196.14,197.52,214.72,202.85,206.28,187.35
NAM-INDIA,2026-09-29,1093.9,1109.63,1210.94,1143.21,1163.94,1042.79
IDFCFIRSTB,2026-09-29,80.55,82.46,88.7,84.36,84.93,79.48
ADANIGREEN,2026-09-29,1235.0,1245.12,1330.53,1282.16,1304.5,1206.73
UNIONBANK,2026-09-29,171.75,171.8,189.39,177.79,179.85,171.67
CUB,2026-09-29,215.99,218.49,240.55,225.01,225.44,208.08
ATHERENERG,2026-09-30,1407.0,1428.91,1716.76,1502.94,1522.09,1078.18
TITAN,2026-09-30,4675.0,4724.02,5120.63,4835.65,4910.51,4441.51
ABB,2026-09-30,6660.5,6805.0,7605.1,7026.4,7230.75,6552.12
GAIL,2026-09-30,170.04,170.11,176.16,172.26,173.05,169.98
HONASA,2026-09-30,441.65,452.14,487.74,465.16,469.18,381.78
J&KBANK,2026-09-30,138.52,141.1,151.17,144.43,148.13,133.97
ZYDUSWELL,2026-09-30,506.1,506.38,570.21,524.44,532.58,494.21
IDEA,2026-10-01,12.95,13.06,15.81,13.81,14.15,12.32
NYKAA,2026-10-01,320.0,320.32,348.11,329.61,332.22,292.6
TVSMOTOR,2026-10-02,4021.0,4033.9,4192.93,4096.54,4138.82,3838.6
MOTHERSON,2026-10-02,157.03,157.41,166.76,161.3,161.85,138.72
RADICO,2026-10-02,4237.0,4276.12,4602.78,4405.11,4442.99,3715.19
CEMPRO,2026-10-02,1178.9,1179.06,1331.08,1228.97,1260.23,1021.17
BOSCHLTD,2026-10-05,45480.0,45714.36,49421.64,46923.01,47013.74,40624.99
PFOCUS,2026-10-06,285.65,286.12,354.11,309.05,309.86,266.73
SHYAMMETL,2026-10-06,1020.2,1030.74,1116.38,1058.12,1060.15,945.79
ADANIENT,2026-10-08,2743.0,2750.13,3106.73,2851.68,2928.23,2655.84
MINDACORP,2026-10-08,639.45,644.52,712.54,663.24,682.12,629.37
ACUTAAS,2026-10-09,3056.7,3065.48,3475.34,3180.92,3239.7,2671.91
ELGIEQUIP,2026-10-09,579.0,580.74,626.45,595.74,604.08,551.75
