Symbol,EntryDate,EntryPrice,Quantity,TrackType
OFSS,2026-09-23,10989.0,1,Paper
FEDERALBNK,2026-09-28,322.0,31,Paper
ANANDRATHI,2026-09-28,2126.8,4,Paper
ADANIPOWER,2026-09-29,196.14,50,Paper
NAM-INDIA,2026-09-29,1093.9,9,Paper
IDFCFIRSTB,2026-09-29,80.55,124,Paper
UNIONBANK,2026-09-29,171.75,58,Paper
CUB,2026-09-29,215.99,46,Paper
ATHERENERG,2026-09-30,1407.0,7,Paper
TITAN,2026-09-30,4675.0,2,Paper
ABB,2026-09-30,6660.5,1,Paper
GAIL,2026-09-30,170.04,58,Paper
HONASA,2026-09-30,441.65,22,Paper
J&KBANK,2026-09-30,138.52,72,Paper
ZYDUSWELL,2026-09-30,506.1,19,Paper
IDEA,2026-10-01,12.95,772,Paper
NYKAA,2026-10-01,320.0,31,Paper
TVSMOTOR,2026-10-02,4021.0,2,Paper
MOTHERSON,2026-10-02,157.03,63,Paper
RADICO,2026-10-02,4237.0,2,Paper
CEMPRO,2026-10-02,1178.9,8,Paper
BOSCHLTD,2026-10-05,45480.0,1,Paper
PFOCUS,2026-10-06,285.65,35,Paper
SHYAMMETL,2026-10-06,1020.2,9,Paper
ADANIENT,2026-10-08,2743.0,3,Paper
MINDACORP,2026-10-08,639.45,15,Paper
ACUTAAS,2026-10-09,3056.7,3,Paper
ELGIEQUIP,2026-10-09,579.0,17,Paper
